{"cameraMode":{"drawMode":0,"name":"Shaded","section":"Shading Mode"},"sceneLighting":true,"audioPlay":false,"sceneViewState":{"m_AlwaysRefresh":false,"showFog":true,"showSkybox":true,"showFlares":true,"showImageEffects":true,"showParticleSystems":true,"showVisualEffectGraphs":true,"m_FxEnabled":true},"in2DMode":false,"pivot":{"x":-1.146981954574585,"y":2.3598220348358156,"z":1.6679744720458985},"rotation":{"x":-0.24526762962341309,"y":0.012793589383363724,"z":-0.003351616207510233,"w":-0.9694005846977234},"size":1.6599658727645875,"orthographic":false}